<?xml version="1.0" encoding="UTF-8"?>
<project-private xmlns="http://www.netbeans.org/ns/project-private/1">
    <editor-bookmarks xmlns="http://www.netbeans.org/ns/editor-bookmarks/2" lastBookmarkId="0"/>
    <open-files xmlns="http://www.netbeans.org/ns/projectui-open-files/2">
        <group>
            <file>file:/Users/yali_il/NetBeansProjects/InventoryManagementSystem/src/InventoryMenu/manageInventoryImport.java</file>
            <file>file:/Users/yali_il/NetBeansProjects/InventoryManagementSystem/src/LoginMenu/Login.java</file>
            <file>file:/Users/yali_il/NetBeansProjects/InventoryManagementSystem/src/InventoryMenu/manageCategory.java</file>
            <file>file:/Users/yali_il/NetBeansProjects/InventoryManagementSystem/src/LoginMenu/newUser.java</file>
        </group>
    </open-files>
</project-private>
